observation_date,MSPUS
2019-01-01,313000
2019-04-01,322500
2019-07-01,318400
2019-10-01,327100
2020-01-01,329000
2020-04-01,317100
2020-07-01,327900
2020-10-01,338600
2021-01-01,355000
2021-04-01,367800
2021-07-01,395200
2021-10-01,414000
2022-01-01,413500
2022-04-01,437700
2022-07-01,438000
2022-10-01,442600
2023-01-01,429000
2023-04-01,418500
2023-07-01,435400
2023-10-01,423200
2024-01-01,426800
2024-04-01,414500
2024-07-01,415300
2024-10-01,419300
2025-01-01,423100
2025-04-01,416100
2025-07-01,410100
2025-10-01,412300
