"year","education","n","population","employed","unemployed","out_lf","unemployment_rate","employment_pop_rate","participation_rate"
2019,"Less than high school",5272,15517675.8389,8902866.9043,487739.5232,6127069.4114,0.0519390868913082,0.573724248188129,0.60515547076705
2019,"High school diploma",17089,45432471.6617,32233588.5668,1133846.6811,12065036.4138,0.0339806362903292,0.70948349028462,0.734440236850003
2019,"Some college / associate",16762,44402119.7555,33840623.9097,1027891.3386,9533604.5072,0.0294790681874564,0.762139827919099,0.785289428529612
2019,"Bachelor's or higher",22754,63117115.7462,53019987.8312,981014.0975,9116113.8175,0.0181665906642858,0.84002551771216,0.855568276374402
2020,"Less than high school",3878,14165131.9884,6408379.2875,1686082.6597,6070670.0412,0.208300770415413,0.452405194159003,0.571435688268112
2020,"High school diploma",13811,44140966.3068,25414269.5188,5202905.8276,13523790.9604,0.169934220539119,0.575752450505029,0.693622679974801
2020,"Some college / associate",13877,43604025.5826,28420371.1743,4869700.6971,10313953.7112,0.146280870642506,0.651783196495533,0.763463268049367
2020,"Bachelor's or higher",20262,66312593.111,51315658.0598,4413524.5702,10583410.481,0.0791959322192557,0.773844840811808,0.840401197050392
2025,"Less than high school",3318,12885195.9903,7713891.7516,516114.7123,4655189.5264,0.0627113374167905,0.598663129176074,0.638717988464868
2025,"High school diploma",12883,46092541.9699,32746968.1954,1354662.8664,11990910.9081,0.0397242836844091,0.710461319681281,0.739851386024002
2025,"Some college / associate",11857,42266301.3988,32537242.0411,1138506.563,8590552.7947,0.0338079065853754,0.769815218372142,0.796751726306861
2025,"Bachelor's or higher",19438,70948906.6366,60101624.5157,1450439.9102,9396842.2107,0.0235644396939135,0.847111356113495,0.867554798852214
