quarter,price_usd,mortgage_rate_pct,cpi,hourly_earnings_usd,n_MSPUS,n_MORTGAGE30US,n_CPIAUCSL,n_CES0500000003,real_price_index,real_earnings_index,loan_usd,payment_usd,fixed_rate_payment_usd,payment_hours,fixed_rate_hours
2019Q1,313000.0000000000,4.3738461538,253.3856666667,27.6833333333,1,13,3,3,100.0000000000,100.0000000000,250400.0000000000,1250.0398775022,1250.0398775022,45.1549624625,45.1549624625
2019Q2,322500.0000000000,4.0107692308,255.2473333333,27.8800000000,1,13,3,3,102.2836487782,99.9758760113,258000.0000000000,1233.3338186107,1287.9803849664,44.2372244839,46.1972878395
2019Q3,318400.0000000000,3.6584615385,256.0893333333,28.1100000000,1,13,3,3,100.6512739972,100.4692171735,254720.0000000000,1166.4564239607,1271.6060606924,41.4961374586,45.2367862217
2019Q4,327100.0000000000,3.7000000000,257.8880000000,28.3200000000,1,13,3,3,102.6802971638,100.5138197007,261680.0000000000,1204.4685143898,1306.3515780543,42.5306678810,46.1282336884
2020Q1,329000.0000000000,3.5215384615,258.8176666667,28.5666666667,1,13,3,3,102.9057606597,101.0251053403,263200.0000000000,1185.0523369443,1313.9396795471,41.4837457507,45.9955547099
2020Q2,317100.0000000000,3.2392307692,256.2920000000,29.7133333333,1,13,3,3,100.1610569344,106.1157840361,253680.0000000000,1102.5325596174,1266.4142017762,37.1056504246,42.6210747737
2020Q3,327900.0000000000,2.9523076923,259.2216666667,29.4633333333,1,13,3,3,102.4018552384,104.0337475011,262320.0000000000,1099.2158440179,1309.5465681565,37.3079254673,44.4466535182
2020Q4,338600.0000000000,2.7607142857,261.0916666667,29.6966666667,1,14,3,3,104.9860630434,104.1066222533,270880.0000000000,1107.3816055492,1352.2795607740,37.2897611028,45.5364090506
2021Q1,355000.0000000000,2.8758333333,263.7423333333,30.0033333333,1,12,3,3,108.9647974303,104.1245950065,284000.0000000000,1178.4211416100,1417.7768578699,39.2763406825,47.2539781536
2021Q2,367800.0000000000,3.0038461538,268.5503333333,30.3900000000,1,13,3,3,110.8724733682,103.5782732499,294240.0000000000,1241.1381414956,1468.8966995058,40.8403468738,48.3348700068
2021Q3,395200.0000000000,2.8721428571,272.8296666667,30.8066666667,1,14,3,3,117.2635534043,103.3514988580,316160.0000000000,1311.2412663387,1578.3251105076,42.5635554968,51.2332323255
2021Q4,414000.0000000000,3.0792307692,278.7713333333,31.2533333333,1,13,3,3,120.2236573769,102.6152468015,331200.0000000000,1410.5448659673,1653.4073779103,45.1326215647,52.9033930645
2022Q1,413500.0000000000,3.8223076923,284.9056666667,31.6800000000,1,13,3,3,117.4930380054,101.7765553429,330800.0000000000,1545.5907448907,1651.4105090964,48.7875866443,52.1278569791
2022Q2,437700.0000000000,5.2661538462,291.6053333333,32.0833333333,1,13,3,3,121.5118941233,100.7042230171,350160.0000000000,1937.1014391484,1748.0589596892,60.3771877137,54.4849545877
2022Q3,438000.0000000000,5.6230769231,295.4530000000,32.4500000000,1,13,3,3,120.0116517886,100.5286752055,350400.0000000000,2016.6746194770,1749.2570809776,62.1471377343,53.9062274569
2022Q4,442600.0000000000,6.6646153846,298.5416666667,32.8200000000,1,13,3,3,120.0173859706,100.6230057159,354080.0000000000,2276.4957174018,1767.6282740655,69.3630626874,53.8582655108
2023Q1,429000.0000000000,6.3723076923,301.2303333333,33.1466666667,1,13,3,3,115.2912364023,100.7174730160,343200.0000000000,2140.5171949821,1713.3134423273,64.5771478776,51.6888608908
2023Q2,418500.0000000000,6.5107692308,303.3976666667,33.5400000000,1,13,3,3,111.6659931153,101.1846151361,334800.0000000000,2118.5354840687,1671.3791972354,63.1644449633,49.8324149444
2023Q3,435400.0000000000,7.0400000000,305.9890000000,33.9166666667,1,13,3,3,115.1914691359,101.4544290599,348320.0000000000,2326.7464129926,1738.8733631453,68.6018598425,51.2689935080
2023Q4,423200.0000000000,7.3038461538,308.1950000000,34.1800000000,1,13,3,3,111.1623648230,101.5103048543,338560.0000000000,2321.9539245132,1690.1497640861,67.9331165744,49.4485009973
2024Q1,426800.0000000000,6.7484615385,311.0033333333,34.5466666667,1,13,3,3,111.0956549884,101.6727963015,341440.0000000000,2214.2241786678,1704.5272195462,64.0937141644,49.3398461852
2024Q2,414500.0000000000,6.9953846154,313.0806666667,34.8866666667,1,13,3,3,107.1780846962,101.9921831723,331600.0000000000,2205.1153169476,1655.4042467242,63.2079681907,47.4509147733
2024Q3,415300.0000000000,6.5084615385,314.1210000000,35.2133333333,1,13,3,3,107.0292954576,102.6062531319,332240.0000000000,2101.8319703279,1658.5992368264,59.6885262304,47.1014550405
2024Q4,419300.0000000000,6.6323076923,316.5876666667,35.5833333333,1,13,3,3,107.2182161241,102.8765281317,335440.0000000000,2149.4801628792,1674.5741873377,60.4069366617,47.0606328994
2025Q1,423100.0000000000,6.8276923077,319.4750000000,35.9633333333,1,13,3,3,107.2121124905,103.0354617924,338480.0000000000,2212.8836443897,1689.7503903233,61.5316612584,46.9853663080
2025Q2,416100.0000000000,6.7884615385,320.7856666667,36.2533333333,1,13,3,3,105.0075359605,103.4419387348,332880.0000000000,2167.5706924320,1661.7942269287,59.7895556942,45.8383843397
2025Q3,410100.0000000000,6.5661538462,323.2350000000,36.5966666667,1,13,3,3,102.7091407349,103.6303136202,328080.0000000000,2087.9827995812,1637.8318011619,57.0539065374,44.7535786819
